id;address;city;rooms;price;floor_space;attachment
1;contextually-based Alaska Fresh;Annabellhaven;96390;45132;95681;Illinois Center
2;payment utilize Account;Port Golden;86518;73465;42238;benchmark European
3;redefine Keyboard;Kshlerinport;34608;65745;78300;optical
4;vortals revolutionary;North Eloy;84929;10390;79445;Beauty ROI turquoise
5;Licensed Central payment;Beerport;94665;13425;81424;Oklahoma
6;Tennessee Direct Radial;East Marty;25829;55750;92628;Islands technologies Ringgit
7;Interactions;Creminburgh;5827;20209;43012;Account Concrete program
8;input;Gradyton;5209;89918;14842;quantifying
9;digital parsing;Logan;42285;67207;24678;Fiji synthesizing Gloves
10;Villages world-class;Schummport;52088;49899;33319;Analyst Computer digital
